song_name,file_name,relative_path,audio_path,status,error,original_duration_seconds,inference_duration_seconds,audio_was_looped,windows_used,window_seconds,main_label,main_genre_id,main_genre_name,main_score,main_confidence_level,main_threshold_vote_count,main_top1_window_vote_count,main_top3_window_vote_count,low_confidence,top1_labels,top1_genres,top1_scores,top3_labels,top3_genres,top3_scores,top5_labels,top5_genres,top5_scores,stable_predicted_labels,stable_predicted_genres,seconds
Rock__ca200_cjazz__503._Andrij_Orel_-_Ringo_Quartz,Rock__ca200_cjazz__503._Andrij_Orel_-_Ringo_Quartz.mp3,Rock/Rock__ca200_cjazz__503._Andrij_Orel_-_Ringo_Quartz.mp3,E:\SCHOOL\Masters\Capstone_FMA_Project\data\external_audio_batch\Rock\Rock__ca200_cjazz__503._Andrij_Orel_-_Ringo_Quartz.mp3,ok,,415.66,415.66,False,8,15,genre_38,38,Experimental,0.5654394626617432,Moderate,8,8,8,False,genre_38,Experimental,0.565439,genre_38|genre_12|genre_17,Experimental|Rock|Folk,0.565439|0.265028|0.200406,genre_38|genre_12|genre_17|genre_250|genre_1235,Experimental|Rock|Folk|Improv|Instrumental,0.565439|0.265028|0.200406|0.199195|0.165079,genre_38|genre_12|genre_17,Experimental|Rock|Folk,4.5790488719940186
Rock__afm004_allmyfaults_neonoir__The_course_of_true_love_never_did_run_smooth__my_dearest,Rock__afm004_allmyfaults_neonoir__The_course_of_true_love_never_did_run_smooth__my_dearest.mp3,Rock/Rock__afm004_allmyfaults_neonoir__The_course_of_true_love_never_did_run_smooth__my_dearest.mp3,E:\SCHOOL\Masters\Capstone_FMA_Project\data\external_audio_batch\Rock\Rock__afm004_allmyfaults_neonoir__The_course_of_true_love_never_did_run_smooth__my_dearest.mp3,ok,,348.03,348.03,False,8,15,genre_38,38,Experimental,0.5785386562347412,Moderate,8,7,8,False,genre_38,Experimental,0.578539,genre_38|genre_12|genre_15,Experimental|Rock|Electronic,0.578539|0.325567|0.296563,genre_38|genre_12|genre_15|genre_1|genre_10,Experimental|Rock|Electronic|Avant-Garde|Pop,0.578539|0.325567|0.296563|0.133387|0.123368,genre_38|genre_12|genre_15,Experimental|Rock|Electronic,1.6052436828613281
Rock__Lethargie.LP__Intro___Im_Herbst,Rock__Lethargie.LP__Intro___Im_Herbst.mp3,Rock/Rock__Lethargie.LP__Intro___Im_Herbst.mp3,E:\SCHOOL\Masters\Capstone_FMA_Project\data\external_audio_batch\Rock\Rock__Lethargie.LP__Intro___Im_Herbst.mp3,ok,,386.74,386.74,False,8,15,genre_38,38,Experimental,0.6129275560379028,Moderate,8,8,8,False,genre_38,Experimental,0.612928,genre_38|genre_15|genre_12,Experimental|Electronic|Rock,0.612928|0.399678|0.270417,genre_38|genre_15|genre_12|genre_1|genre_32,Experimental|Electronic|Rock|Avant-Garde|Noise,0.612928|0.399678|0.270417|0.111470|0.109929,genre_38|genre_15|genre_12,Experimental|Electronic|Rock,1.7048060894012451
Rock__Bostaurus.Demo__The_Sky_Full_of_Shadows,Rock__Bostaurus.Demo__The_Sky_Full_of_Shadows.mp3,Rock/Rock__Bostaurus.Demo__The_Sky_Full_of_Shadows.mp3,E:\SCHOOL\Masters\Capstone_FMA_Project\data\external_audio_batch\Rock\Rock__Bostaurus.Demo__The_Sky_Full_of_Shadows.mp3,ok,,203.39,203.39,False,8,15,genre_38,38,Experimental,0.5587550401687622,Moderate,8,7,8,False,genre_38,Experimental,0.558755,genre_38|genre_12|genre_15,Experimental|Rock|Electronic,0.558755|0.414183|0.279063,genre_38|genre_12|genre_15|genre_25|genre_1,Experimental|Rock|Electronic|Punk|Avant-Garde,0.558755|0.414183|0.279063|0.165451|0.113199,genre_38|genre_12|genre_15,Experimental|Rock|Electronic,1.2912168502807617
Rock__BS450014__Last_Addiction,Rock__BS450014__Last_Addiction.mp3,Rock/Rock__BS450014__Last_Addiction.mp3,E:\SCHOOL\Masters\Capstone_FMA_Project\data\external_audio_batch\Rock\Rock__BS450014__Last_Addiction.mp3,ok,,222.12,222.12,False,8,15,genre_12,12,Rock,0.481871634721756,Low-to-moderate,8,5,8,True,genre_12,Rock,0.481872,genre_12|genre_17|genre_38,Rock|Folk|Experimental,0.481872|0.392524|0.359924,genre_12|genre_17|genre_38|genre_10|genre_103,Rock|Folk|Experimental|Pop|Singer-Songwriter,0.481872|0.392524|0.359924|0.221322|0.177411,genre_12|genre_17|genre_38|genre_10,Rock|Folk|Experimental|Pop,1.3894588947296143
Rock__csr020__Set_The_Controls_For_the_Heart_of_the_Sun,Rock__csr020__Set_The_Controls_For_the_Heart_of_the_Sun.mp3,Rock/Rock__csr020__Set_The_Controls_For_the_Heart_of_the_Sun.mp3,E:\SCHOOL\Masters\Capstone_FMA_Project\data\external_audio_batch\Rock\Rock__csr020__Set_The_Controls_For_the_Heart_of_the_Sun.mp3,ok,,437.37,437.37,False,8,15,genre_38,38,Experimental,0.48792389035224915,Low-to-moderate,8,3,8,True,genre_38,Experimental,0.487924,genre_38|genre_12|genre_17,Experimental|Rock|Folk,0.487924|0.461642|0.180819,genre_38|genre_12|genre_17|genre_15|genre_10,Experimental|Rock|Folk|Electronic|Pop,0.487924|0.461642|0.180819|0.152037|0.139754,genre_38|genre_12,Experimental|Rock,1.5938282012939453
Rock__afm020_noctiflora_0407__Neorama,Rock__afm020_noctiflora_0407__Neorama.mp3,Rock/Rock__afm020_noctiflora_0407__Neorama.mp3,E:\SCHOOL\Masters\Capstone_FMA_Project\data\external_audio_batch\Rock\Rock__afm020_noctiflora_0407__Neorama.mp3,ok,,394.0,394.0,False,8,15,genre_38,38,Experimental,0.5462841987609863,Moderate,8,5,8,False,genre_38,Experimental,0.546284,genre_38|genre_12|genre_15,Experimental|Rock|Electronic,0.546284|0.332376|0.263510,genre_38|genre_12|genre_15|genre_1235|genre_17,Experimental|Rock|Electronic|Instrumental|Folk,0.546284|0.332376|0.263510|0.191842|0.134067,genre_38|genre_12|genre_15,Experimental|Rock|Electronic,1.6461665630340576
Rock__SCL160__Break_the_Lies__Gnothi_Seauton_Remix,Rock__SCL160__Break_the_Lies__Gnothi_Seauton_Remix.mp3,Rock/Rock__SCL160__Break_the_Lies__Gnothi_Seauton_Remix.mp3,E:\SCHOOL\Masters\Capstone_FMA_Project\data\external_audio_batch\Rock\Rock__SCL160__Break_the_Lies__Gnothi_Seauton_Remix.mp3,ok,,264.85,264.85,False,8,15,genre_38,38,Experimental,0.6062440872192383,Moderate,8,6,8,False,genre_38,Experimental,0.606244,genre_38|genre_15|genre_12,Experimental|Electronic|Rock,0.606244|0.347760|0.228466,genre_38|genre_15|genre_12|genre_1|genre_1235,Experimental|Electronic|Rock|Avant-Garde|Instrumental,0.606244|0.347760|0.228466|0.130879|0.128252,genre_38|genre_15|genre_12,Experimental|Electronic|Rock,1.5864636898040771
Rock__freemusiccharts.songs2012__2012-01-H._Zombie-Taxi_Driver,Rock__freemusiccharts.songs2012__2012-01-H._Zombie-Taxi_Driver.mp3,Rock/Rock__freemusiccharts.songs2012__2012-01-H._Zombie-Taxi_Driver.mp3,E:\SCHOOL\Masters\Capstone_FMA_Project\data\external_audio_batch\Rock\Rock__freemusiccharts.songs2012__2012-01-H._Zombie-Taxi_Driver.mp3,ok,,328.34,328.34,False,8,15,genre_15,15,Electronic,0.63096022605896,Moderate,8,6,7,False,genre_15,Electronic,0.630960,genre_15|genre_38|genre_12,Electronic|Experimental|Rock,0.630960|0.396147|0.252419,genre_15|genre_38|genre_12|genre_1235|genre_21,Electronic|Experimental|Rock|Instrumental|Hip-Hop,0.630960|0.396147|0.252419|0.165456|0.163194,genre_15|genre_38|genre_12,Electronic|Experimental|Rock,1.6153407096862793
Rock__diymAR06__10-Derek_Clegg-Judy,Rock__diymAR06__10-Derek_Clegg-Judy.flac,Rock/Rock__diymAR06__10-Derek_Clegg-Judy.flac,E:\SCHOOL\Masters\Capstone_FMA_Project\data\external_audio_batch\Rock\Rock__diymAR06__10-Derek_Clegg-Judy.flac,ok,,138.75,138.75,False,8,15,genre_12,12,Rock,0.3902067244052887,Low-to-moderate,8,6,7,True,genre_12,Rock,0.390207,genre_12|genre_38|genre_10,Rock|Experimental|Pop,0.390207|0.311216|0.262928,genre_12|genre_38|genre_10|genre_15|genre_17,Rock|Experimental|Pop|Electronic|Folk,0.390207|0.311216|0.262928|0.244625|0.224317,genre_12|genre_38|genre_10|genre_15|genre_17,Rock|Experimental|Pop|Electronic|Folk,1.3470604419708252
Electronic__NS050__Lake,Electronic__NS050__Lake.mp3,Electronic/Electronic__NS050__Lake.mp3,E:\SCHOOL\Masters\Capstone_FMA_Project\data\external_audio_batch\Electronic\Electronic__NS050__Lake.mp3,ok,,253.74,253.74,False,8,15,genre_38,38,Experimental,0.4682568907737732,Low-to-moderate,8,5,8,True,genre_38,Experimental,0.468257,genre_38|genre_12|genre_17,Experimental|Rock|Folk,0.468257|0.321593|0.304552,genre_38|genre_12|genre_17|genre_10|genre_1235,Experimental|Rock|Folk|Pop|Instrumental,0.468257|0.321593|0.304552|0.154378|0.132731,genre_38|genre_12|genre_17,Experimental|Rock|Folk,1.512981653213501
Electronic__mtk140__Csanca,Electronic__mtk140__Csanca.mp3,Electronic/Electronic__mtk140__Csanca.mp3,E:\SCHOOL\Masters\Capstone_FMA_Project\data\external_audio_batch\Electronic\Electronic__mtk140__Csanca.mp3,ok,,272.07,272.07,False,8,15,genre_15,15,Electronic,0.38060691952705383,Low-to-moderate,6,4,6,True,genre_15,Electronic,0.380607,genre_15|genre_38|genre_12,Electronic|Experimental|Rock,0.380607|0.362406|0.308745,genre_15|genre_38|genre_12|genre_10|genre_17,Electronic|Experimental|Rock|Pop|Folk,0.380607|0.362406|0.308745|0.242587|0.146406,genre_15|genre_38|genre_12|genre_10,Electronic|Experimental|Rock|Pop,1.4489071369171143
Electronic__foot149__El_And_Eu,Electronic__foot149__El_And_Eu.mp3,Electronic/Electronic__foot149__El_And_Eu.mp3,E:\SCHOOL\Masters\Capstone_FMA_Project\data\external_audio_batch\Electronic\Electronic__foot149__El_And_Eu.mp3,ok,,273.58,273.58,False,8,15,genre_12,12,Rock,0.38979536294937134,Low-to-moderate,8,4,7,True,genre_12,Rock,0.389795,genre_12|genre_38|genre_15,Rock|Experimental|Electronic,0.389795|0.356129|0.285443,genre_12|genre_38|genre_15|genre_21|genre_10,Rock|Experimental|Electronic|Hip-Hop|Pop,0.389795|0.356129|0.285443|0.181627|0.154438,genre_12|genre_38|genre_15,Rock|Experimental|Electronic,1.710017204284668
Electronic__nullbomb__spindrumlikeaboom,Electronic__nullbomb__spindrumlikeaboom.mp3,Electronic/Electronic__nullbomb__spindrumlikeaboom.mp3,E:\SCHOOL\Masters\Capstone_FMA_Project\data\external_audio_batch\Electronic\Electronic__nullbomb__spindrumlikeaboom.mp3,ok,,621.4,621.4,False,8,15,genre_15,15,Electronic,0.5368270874023438,Moderate,8,6,8,False,genre_15,Electronic,0.536827,genre_15|genre_38|genre_12,Electronic|Experimental|Rock,0.536827|0.515805|0.217403,genre_15|genre_38|genre_12|genre_21|genre_1235,Electronic|Experimental|Rock|Hip-Hop|Instrumental,0.536827|0.515805|0.217403|0.169662|0.116522,genre_15|genre_38|genre_12,Electronic|Experimental|Rock,2.154214859008789
Electronic__TFR100-VA-TornFleshRecordsPresentsVestigialSickness__36_-_Vulgar_Disease_-_Every_Noise_Has_Its_TORN,Electronic__TFR100-VA-TornFleshRecordsPresentsVestigialSickness__36_-_Vulgar_Disease_-_Every_Noise_Has_Its_TORN.mp3,Electronic/Electronic__TFR100-VA-TornFleshRecordsPresentsVestigialSickness__36_-_Vulgar_Disease_-_Every_Noise_Has_Its_TORN.mp3,E:\SCHOOL\Masters\Capstone_FMA_Project\data\external_audio_batch\Electronic\Electronic__TFR100-VA-TornFleshRecordsPresentsVestigialSickness__36_-_Vulgar_Disease_-_Every_Noise_Has_Its_TORN.mp3,ok,,932.28,932.28,False,8,15,genre_38,38,Experimental,0.7766276001930237,High,8,8,8,False,genre_38,Experimental,0.776628,genre_38|genre_15|genre_32,Experimental|Electronic|Noise,0.776628|0.413171|0.180288,genre_38|genre_15|genre_32|genre_1|genre_12,Experimental|Electronic|Noise|Avant-Garde|Rock,0.776628|0.413171|0.180288|0.157284|0.147681,genre_38|genre_15,Experimental|Electronic,2.751692771911621
Electronic__MIXG031__Vozduh,Electronic__MIXG031__Vozduh.mp3,Electronic/Electronic__MIXG031__Vozduh.mp3,E:\SCHOOL\Masters\Capstone_FMA_Project\data\external_audio_batch\Electronic\Electronic__MIXG031__Vozduh.mp3,ok,,254.07,254.07,False,8,15,genre_12,12,Rock,0.4562724530696869,Low-to-moderate,8,5,8,True,genre_12,Rock,0.456272,genre_12|genre_38|genre_15,Rock|Experimental|Electronic,0.456272|0.425772|0.247722,genre_12|genre_38|genre_15|genre_10|genre_17,Rock|Experimental|Electronic|Pop|Folk,0.456272|0.425772|0.247722|0.215524|0.137419,genre_12|genre_38|genre_15|genre_10,Rock|Experimental|Electronic|Pop,1.4170968532562256
Electronic__pn037__Sabrina,Electronic__pn037__Sabrina.mp3,Electronic/Electronic__pn037__Sabrina.mp3,E:\SCHOOL\Masters\Capstone_FMA_Project\data\external_audio_batch\Electronic\Electronic__pn037__Sabrina.mp3,ok,,402.05,402.05,False,8,15,genre_38,38,Experimental,0.5617825984954834,Moderate,8,4,8,False,genre_38,Experimental,0.561783,genre_38|genre_15|genre_1235,Experimental|Electronic|Instrumental,0.561783|0.557847|0.208064,genre_38|genre_15|genre_1235|genre_12|genre_10,Experimental|Electronic|Instrumental|Rock|Pop,0.561783|0.557847|0.208064|0.165057|0.110032,genre_38|genre_15|genre_1235,Experimental|Electronic|Instrumental,1.684835433959961
Electronic__mtcomp003__latatoo__secede_s_another_day_wasted_mix,Electronic__mtcomp003__latatoo__secede_s_another_day_wasted_mix.mp3,Electronic/Electronic__mtcomp003__latatoo__secede_s_another_day_wasted_mix.mp3,E:\SCHOOL\Masters\Capstone_FMA_Project\data\external_audio_batch\Electronic\Electronic__mtcomp003__latatoo__secede_s_another_day_wasted_mix.mp3,ok,,483.11,483.11,False,8,15,genre_38,38,Experimental,0.5439085364341736,Moderate,8,4,8,False,genre_38,Experimental,0.543909,genre_38|genre_15|genre_1235,Experimental|Electronic|Instrumental,0.543909|0.438383|0.238347,genre_38|genre_15|genre_1235|genre_12|genre_107,Experimental|Electronic|Instrumental|Rock|Ambient,0.543909|0.438383|0.238347|0.195952|0.118249,genre_38|genre_15|genre_1235,Experimental|Electronic|Instrumental,1.7941327095031738
Electronic__ffs104__The_Leather,Electronic__ffs104__The_Leather.mp3,Electronic/Electronic__ffs104__The_Leather.mp3,E:\SCHOOL\Masters\Capstone_FMA_Project\data\external_audio_batch\Electronic\Electronic__ffs104__The_Leather.mp3,ok,,531.17,531.17,False,8,15,genre_38,38,Experimental,0.5624988079071045,Moderate,8,6,8,False,genre_38,Experimental,0.562499,genre_38|genre_12|genre_15,Experimental|Rock|Electronic,0.562499|0.295575|0.284637,genre_38|genre_12|genre_15|genre_1|genre_21,Experimental|Rock|Electronic|Avant-Garde|Hip-Hop,0.562499|0.295575|0.284637|0.142081|0.137169,genre_38|genre_12|genre_15,Experimental|Rock|Electronic,1.803459882736206
Electronic__foot018__Baiao_Lo-fi,Electronic__foot018__Baiao_Lo-fi.mp3,Electronic/Electronic__foot018__Baiao_Lo-fi.mp3,E:\SCHOOL\Masters\Capstone_FMA_Project\data\external_audio_batch\Electronic\Electronic__foot018__Baiao_Lo-fi.mp3,ok,,328.46,328.46,False,8,15,genre_38,38,Experimental,0.4894542396068573,Low-to-moderate,8,4,8,True,genre_38,Experimental,0.489454,genre_38|genre_15|genre_12,Experimental|Electronic|Rock,0.489454|0.453861|0.274992,genre_38|genre_15|genre_12|genre_21|genre_1235,Experimental|Electronic|Rock|Hip-Hop|Instrumental,0.489454|0.453861|0.274992|0.162977|0.127129,genre_38|genre_15|genre_12,Experimental|Electronic|Rock,1.390326976776123
Experimental__pcr089EmilDavydov-Sketches__Sketch_No.3,Experimental__pcr089EmilDavydov-Sketches__Sketch_No.3.mp3,Experimental/Experimental__pcr089EmilDavydov-Sketches__Sketch_No.3.mp3,E:\SCHOOL\Masters\Capstone_FMA_Project\data\external_audio_batch\Experimental\Experimental__pcr089EmilDavydov-Sketches__Sketch_No.3.mp3,ok,,178.34,178.34,False,8,15,genre_12,12,Rock,0.4398421049118042,Low-to-moderate,8,3,8,True,genre_12,Rock,0.439842,genre_12|genre_38|genre_17,Rock|Experimental|Folk,0.439842|0.408985|0.229009,genre_12|genre_38|genre_17|genre_15|genre_1235,Rock|Experimental|Folk|Electronic|Instrumental,0.439842|0.408985|0.229009|0.212955|0.166467,genre_12|genre_38|genre_17|genre_15,Rock|Experimental|Folk|Electronic,1.0784392356872559
Experimental__PoodleplayArkestra-TheoryOfColour__Theory_Of_Colour,Experimental__PoodleplayArkestra-TheoryOfColour__Theory_Of_Colour.mp3,Experimental/Experimental__PoodleplayArkestra-TheoryOfColour__Theory_Of_Colour.mp3,E:\SCHOOL\Masters\Capstone_FMA_Project\data\external_audio_batch\Experimental\Experimental__PoodleplayArkestra-TheoryOfColour__Theory_Of_Colour.mp3,ok,,227.53,227.53,False,8,15,genre_38,38,Experimental,0.4940698444843292,Low-to-moderate,8,8,8,True,genre_38,Experimental,0.494070,genre_38|genre_17|genre_1235,Experimental|Folk|Instrumental,0.494070|0.274801|0.261402,genre_38|genre_17|genre_1235|genre_12|genre_15,Experimental|Folk|Instrumental|Rock|Electronic,0.494070|0.274801|0.261402|0.203292|0.202184,genre_38|genre_17|genre_1235|genre_12|genre_15,Experimental|Folk|Instrumental|Rock|Electronic,1.3831639289855957
Experimental__ca446_opa__04_-_Russian_State_Museum_s_Lottery,Experimental__ca446_opa__04_-_Russian_State_Museum_s_Lottery.mp3,Experimental/Experimental__ca446_opa__04_-_Russian_State_Museum_s_Lottery.mp3,E:\SCHOOL\Masters\Capstone_FMA_Project\data\external_audio_batch\Experimental\Experimental__ca446_opa__04_-_Russian_State_Museum_s_Lottery.mp3,ok,,334.59,334.59,False,8,15,genre_12,12,Rock,0.4106154143810272,Low-to-moderate,8,5,8,True,genre_12,Rock,0.410615,genre_12|genre_38|genre_15,Rock|Experimental|Electronic,0.410615|0.350145|0.225230,genre_12|genre_38|genre_15|genre_10|genre_25,Rock|Experimental|Electronic|Pop|Punk,0.410615|0.350145|0.225230|0.193329|0.150804,genre_12|genre_38|genre_15,Rock|Experimental|Electronic,1.5005152225494385
Experimental__AlbumInADayVol4__Summer_Breeze,Experimental__AlbumInADayVol4__Summer_Breeze.mp3,Experimental/Experimental__AlbumInADayVol4__Summer_Breeze.mp3,E:\SCHOOL\Masters\Capstone_FMA_Project\data\external_audio_batch\Experimental\Experimental__AlbumInADayVol4__Summer_Breeze.mp3,ok,,380.97,380.97,False,8,15,genre_38,38,Experimental,0.550025224685669,Moderate,8,6,8,False,genre_38,Experimental,0.550025,genre_38|genre_15|genre_12,Experimental|Electronic|Rock,0.550025|0.377144|0.297178,genre_38|genre_15|genre_12|genre_1235|genre_17,Experimental|Electronic|Rock|Instrumental|Folk,0.550025|0.377144|0.297178|0.218485|0.161308,genre_38|genre_15|genre_12|genre_1235,Experimental|Electronic|Rock|Instrumental,1.6155421733856201
Experimental__ca350_g__sh-dah,Experimental__ca350_g__sh-dah.mp3,Experimental/Experimental__ca350_g__sh-dah.mp3,E:\SCHOOL\Masters\Capstone_FMA_Project\data\external_audio_batch\Experimental\Experimental__ca350_g__sh-dah.mp3,ok,,215.04,215.04,False,8,15,genre_38,38,Experimental,0.5654857158660889,Moderate,8,5,8,False,genre_38,Experimental,0.565486,genre_38|genre_12|genre_15,Experimental|Rock|Electronic,0.565486|0.386602|0.188719,genre_38|genre_12|genre_15|genre_25|genre_1235,Experimental|Rock|Electronic|Punk|Instrumental,0.565486|0.386602|0.188719|0.134257|0.132742,genre_38|genre_12,Experimental|Rock,1.2651398181915283
Experimental__mz001_Mademoi_Selle__Himitsu,Experimental__mz001_Mademoi_Selle__Himitsu.mp3,Experimental/Experimental__mz001_Mademoi_Selle__Himitsu.mp3,E:\SCHOOL\Masters\Capstone_FMA_Project\data\external_audio_batch\Experimental\Experimental__mz001_Mademoi_Selle__Himitsu.mp3,ok,,200.8,200.8,False,8,15,genre_12,12,Rock,0.5199805498123169,Moderate,8,6,8,False,genre_12,Rock,0.519981,genre_12|genre_38|genre_17,Rock|Experimental|Folk,0.519981|0.388473|0.166873,genre_12|genre_38|genre_17|genre_15|genre_25,Rock|Experimental|Folk|Electronic|Punk,0.519981|0.388473|0.166873|0.155412|0.150489,genre_12|genre_38,Rock|Experimental,1.1886131763458252
Experimental__tpd074__08_Grow_Up_Lamestream_Turd_Burglers,Experimental__tpd074__08_Grow_Up_Lamestream_Turd_Burglers.ogg,Experimental/Experimental__tpd074__08_Grow_Up_Lamestream_Turd_Burglers.ogg,E:\SCHOOL\Masters\Capstone_FMA_Project\data\external_audio_batch\Experimental\Experimental__tpd074__08_Grow_Up_Lamestream_Turd_Burglers.ogg,ok,,641.98,641.98,False,8,15,genre_38,38,Experimental,0.5323439240455627,Moderate,8,5,7,False,genre_38,Experimental,0.532344,genre_38|genre_15|genre_12,Experimental|Electronic|Rock,0.532344|0.393054|0.239084,genre_38|genre_15|genre_12|genre_21|genre_1235,Experimental|Electronic|Rock|Hip-Hop|Instrumental,0.532344|0.393054|0.239084|0.194557|0.117602,genre_38|genre_15|genre_12,Experimental|Electronic|Rock,2.9758806228637695
Experimental__ca492_ai__Beautiful_Distraction,Experimental__ca492_ai__Beautiful_Distraction.mp3,Experimental/Experimental__ca492_ai__Beautiful_Distraction.mp3,E:\SCHOOL\Masters\Capstone_FMA_Project\data\external_audio_batch\Experimental\Experimental__ca492_ai__Beautiful_Distraction.mp3,ok,,379.54,379.54,False,8,15,genre_38,38,Experimental,0.38570600748062134,Low-to-moderate,8,3,7,True,genre_38,Experimental,0.385706,genre_38|genre_12|genre_17,Experimental|Rock|Folk,0.385706|0.383622|0.333881,genre_38|genre_12|genre_17|genre_10|genre_103,Experimental|Rock|Folk|Pop|Singer-Songwriter,0.385706|0.383622|0.333881|0.225397|0.142418,genre_38|genre_12|genre_17|genre_10,Experimental|Rock|Folk|Pop,1.536266565322876
Experimental__ca300_ca__206_-_Mons_Jacet_-_for_spring,Experimental__ca300_ca__206_-_Mons_Jacet_-_for_spring.mp3,Experimental/Experimental__ca300_ca__206_-_Mons_Jacet_-_for_spring.mp3,E:\SCHOOL\Masters\Capstone_FMA_Project\data\external_audio_batch\Experimental\Experimental__ca300_ca__206_-_Mons_Jacet_-_for_spring.mp3,ok,,415.53,415.53,False,8,15,genre_38,38,Experimental,0.7027393579483032,High,8,8,8,False,genre_38,Experimental,0.702739,genre_38|genre_15|genre_1235,Experimental|Electronic|Instrumental,0.702739|0.426233|0.229293,genre_38|genre_15|genre_1235|genre_107|genre_32,Experimental|Electronic|Instrumental|Ambient|Noise,0.702739|0.426233|0.229293|0.148967|0.144761,genre_38|genre_15|genre_1235,Experimental|Electronic|Instrumental,1.682788610458374
Experimental__csr008__Say_Man,Experimental__csr008__Say_Man.mp3,Experimental/Experimental__csr008__Say_Man.mp3,E:\SCHOOL\Masters\Capstone_FMA_Project\data\external_audio_batch\Experimental\Experimental__csr008__Say_Man.mp3,ok,,562.29,562.29,False,8,15,genre_15,15,Electronic,0.42680564522743225,Low-to-moderate,8,5,8,True,genre_15,Electronic,0.426806,genre_15|genre_38|genre_12,Electronic|Experimental|Rock,0.426806|0.354769|0.343851,genre_15|genre_38|genre_12|genre_21|genre_10,Electronic|Experimental|Rock|Hip-Hop|Pop,0.426806|0.354769|0.343851|0.214013|0.140680,genre_15|genre_38|genre_12|genre_21,Electronic|Experimental|Rock|Hip-Hop,1.9615435600280762
Folk__lbn016Plusplus-gameOver__04_Plusplus_-_Broken_Doors,Folk__lbn016Plusplus-gameOver__04_Plusplus_-_Broken_Doors.mp3,Folk/Folk__lbn016Plusplus-gameOver__04_Plusplus_-_Broken_Doors.mp3,E:\SCHOOL\Masters\Capstone_FMA_Project\data\external_audio_batch\Folk\Folk__lbn016Plusplus-gameOver__04_Plusplus_-_Broken_Doors.mp3,ok,,410.03,410.03,False,8,15,genre_38,38,Experimental,0.43463844060897827,Low-to-moderate,8,4,6,True,genre_38,Experimental,0.434638,genre_38|genre_15|genre_12,Experimental|Electronic|Rock,0.434638|0.411252|0.315153,genre_38|genre_15|genre_12|genre_10|genre_1235,Experimental|Electronic|Rock|Pop|Instrumental,0.434638|0.411252|0.315153|0.233687|0.184757,genre_38|genre_15|genre_12|genre_10,Experimental|Electronic|Rock|Pop,1.627579689025879
Folk__lbn007NickRivera-happySongIsAHappySong__01_ReneeLuise,Folk__lbn007NickRivera-happySongIsAHappySong__01_ReneeLuise.mp3,Folk/Folk__lbn007NickRivera-happySongIsAHappySong__01_ReneeLuise.mp3,E:\SCHOOL\Masters\Capstone_FMA_Project\data\external_audio_batch\Folk\Folk__lbn007NickRivera-happySongIsAHappySong__01_ReneeLuise.mp3,ok,,314.07,314.07,False,8,15,genre_38,38,Experimental,0.3689255118370056,Low-to-moderate,8,3,8,True,genre_38,Experimental,0.368926,genre_38|genre_17|genre_12,Experimental|Folk|Rock,0.368926|0.357964|0.332629,genre_38|genre_17|genre_12|genre_10|genre_15,Experimental|Folk|Rock|Pop|Electronic,0.368926|0.357964|0.332629|0.194232|0.165501,genre_38|genre_17|genre_12,Experimental|Folk|Rock,1.6257359981536865
Folk__lbn017OldSplendifolia-utterlyHeartbreaking__Two_Eagles,Folk__lbn017OldSplendifolia-utterlyHeartbreaking__Two_Eagles.mp3,Folk/Folk__lbn017OldSplendifolia-utterlyHeartbreaking__Two_Eagles.mp3,E:\SCHOOL\Masters\Capstone_FMA_Project\data\external_audio_batch\Folk\Folk__lbn017OldSplendifolia-utterlyHeartbreaking__Two_Eagles.mp3,ok,,280.14,280.14,False,8,15,genre_38,38,Experimental,0.4627871513366699,Low-to-moderate,8,5,8,True,genre_38,Experimental,0.462787,genre_38|genre_17|genre_12,Experimental|Folk|Rock,0.462787|0.356463|0.287441,genre_38|genre_17|genre_12|genre_27|genre_10,Experimental|Folk|Rock|Lo-Fi|Pop,0.462787|0.356463|0.287441|0.121218|0.119971,genre_38|genre_17|genre_12,Experimental|Folk|Rock,1.256119728088379
Folk__EntertainmentForTheBraindead-Roadkillaaahh.009__Relapse,Folk__EntertainmentForTheBraindead-Roadkillaaahh.009__Relapse.mp3,Folk/Folk__EntertainmentForTheBraindead-Roadkillaaahh.009__Relapse.mp3,E:\SCHOOL\Masters\Capstone_FMA_Project\data\external_audio_batch\Folk\Folk__EntertainmentForTheBraindead-Roadkillaaahh.009__Relapse.mp3,ok,,319.06,319.06,False,8,15,genre_38,38,Experimental,0.46904996037483215,Low-to-moderate,8,6,8,True,genre_38,Experimental,0.469050,genre_38|genre_17|genre_12,Experimental|Folk|Rock,0.469050|0.320143|0.257961,genre_38|genre_17|genre_12|genre_10|genre_27,Experimental|Folk|Rock|Pop|Lo-Fi,0.469050|0.320143|0.257961|0.170218|0.144955,genre_38|genre_17|genre_12,Experimental|Folk|Rock,1.3198459148406982
Folk__lclcb05DelgarmaDerAndrafolkWorldChanson__LCLCB05_-_Delgarma_-_Der_Andra_-_05_-_You_can_stay,Folk__lclcb05DelgarmaDerAndrafolkWorldChanson__LCLCB05_-_Delgarma_-_Der_Andra_-_05_-_You_can_stay.mp3,Folk/Folk__lclcb05DelgarmaDerAndrafolkWorldChanson__LCLCB05_-_Delgarma_-_Der_Andra_-_05_-_You_can_stay.mp3,E:\SCHOOL\Masters\Capstone_FMA_Project\data\external_audio_batch\Folk\Folk__lclcb05DelgarmaDerAndrafolkWorldChanson__LCLCB05_-_Delgarma_-_Der_Andra_-_05_-_You_can_stay.mp3,ok,,296.8,296.8,False,8,15,genre_12,12,Rock,0.4761585593223572,Low-to-moderate,8,5,8,True,genre_12,Rock,0.476159,genre_12|genre_38|genre_17,Rock|Experimental|Folk,0.476159|0.331182|0.326966,genre_12|genre_38|genre_17|genre_10|genre_15,Rock|Experimental|Folk|Pop|Electronic,0.476159|0.331182|0.326966|0.225911|0.177299,genre_12|genre_38|genre_17|genre_10,Rock|Experimental|Folk|Pop,1.2816367149353027
Folk__pm007__The_Treeplanting_Song,Folk__pm007__The_Treeplanting_Song.mp3,Folk/Folk__pm007__The_Treeplanting_Song.mp3,E:\SCHOOL\Masters\Capstone_FMA_Project\data\external_audio_batch\Folk\Folk__pm007__The_Treeplanting_Song.mp3,ok,,314.62,314.62,False,8,15,genre_12,12,Rock,0.4027337431907654,Low-to-moderate,8,5,8,True,genre_12,Rock,0.402734,genre_12|genre_38|genre_17,Rock|Experimental|Folk,0.402734|0.369814|0.252557,genre_12|genre_38|genre_17|genre_10|genre_25,Rock|Experimental|Folk|Pop|Punk,0.402734|0.369814|0.252557|0.158516|0.126932,genre_12|genre_38|genre_17,Rock|Experimental|Folk,1.3126559257507324
Folk__pantoufle_tagada__I_Hope_You_re_Happy_With_Me,Folk__pantoufle_tagada__I_Hope_You_re_Happy_With_Me.mp3,Folk/Folk__pantoufle_tagada__I_Hope_You_re_Happy_With_Me.mp3,E:\SCHOOL\Masters\Capstone_FMA_Project\data\external_audio_batch\Folk\Folk__pantoufle_tagada__I_Hope_You_re_Happy_With_Me.mp3,ok,,371.67,371.67,False,8,15,genre_15,15,Electronic,0.6872439384460449,Moderate,8,7,8,False,genre_15,Electronic,0.687244,genre_15|genre_38|genre_21,Electronic|Experimental|Hip-Hop,0.687244|0.316135|0.211836,genre_15|genre_38|genre_21|genre_1235|genre_12,Electronic|Experimental|Hip-Hop|Instrumental|Rock,0.687244|0.316135|0.211836|0.175993|0.175138,genre_15|genre_38|genre_21,Electronic|Experimental|Hip-Hop,1.4424002170562744
Folk__DDW001__02_-_Built_From_Sticks_-_Here_comes_the_circus,Folk__DDW001__02_-_Built_From_Sticks_-_Here_comes_the_circus.flac,Folk/Folk__DDW001__02_-_Built_From_Sticks_-_Here_comes_the_circus.flac,E:\SCHOOL\Masters\Capstone_FMA_Project\data\external_audio_batch\Folk\Folk__DDW001__02_-_Built_From_Sticks_-_Here_comes_the_circus.flac,ok,,184.72,184.72,False,8,15,genre_17,17,Folk,0.5318683981895447,Moderate,7,7,7,False,genre_17,Folk,0.531868,genre_17|genre_12|genre_38,Folk|Rock|Experimental,0.531868|0.339887|0.296202,genre_17|genre_12|genre_38|genre_103|genre_10,Folk|Rock|Experimental|Singer-Songwriter|Pop,0.531868|0.339887|0.296202|0.279894|0.207029,genre_17|genre_12|genre_38|genre_103|genre_10,Folk|Rock|Experimental|Singer-Songwriter|Pop,1.323056936264038
Folk__ca201_meg__My_Orchard_Fire,Folk__ca201_meg__My_Orchard_Fire.mp3,Folk/Folk__ca201_meg__My_Orchard_Fire.mp3,E:\SCHOOL\Masters\Capstone_FMA_Project\data\external_audio_batch\Folk\Folk__ca201_meg__My_Orchard_Fire.mp3,ok,,303.07,303.07,False,8,15,genre_17,17,Folk,0.5878394246101379,Moderate,8,8,8,False,genre_17,Folk,0.587839,genre_17|genre_38|genre_103,Folk|Experimental|Singer-Songwriter,0.587839|0.353125|0.349789,genre_17|genre_38|genre_103|genre_12|genre_10,Folk|Experimental|Singer-Songwriter|Rock|Pop,0.587839|0.353125|0.349789|0.274131|0.220476,genre_17|genre_38|genre_103|genre_12|genre_10,Folk|Experimental|Singer-Songwriter|Rock|Pop,1.3315250873565674
Folk__ekleipsi23__system_1,Folk__ekleipsi23__system_1.mp3,Folk/Folk__ekleipsi23__system_1.mp3,E:\SCHOOL\Masters\Capstone_FMA_Project\data\external_audio_batch\Folk\Folk__ekleipsi23__system_1.mp3,ok,,310.8,310.8,False,8,15,genre_38,38,Experimental,0.5555498600006104,Moderate,8,8,8,False,genre_38,Experimental,0.555550,genre_38|genre_15|genre_12,Experimental|Electronic|Rock,0.555550|0.375378|0.326979,genre_38|genre_15|genre_12|genre_1235|genre_10,Experimental|Electronic|Rock|Instrumental|Pop,0.555550|0.375378|0.326979|0.125454|0.108001,genre_38|genre_15|genre_12,Experimental|Electronic|Rock,1.5111560821533203
Hip-Hop__DWK123__Soul_Key,Hip-Hop__DWK123__Soul_Key.mp3,Hip-Hop/Hip-Hop__DWK123__Soul_Key.mp3,E:\SCHOOL\Masters\Capstone_FMA_Project\data\external_audio_batch\Hip-Hop\Hip-Hop__DWK123__Soul_Key.mp3,ok,,303.73,303.73,False,8,15,genre_21,21,Hip-Hop,0.36682993173599243,Low-to-moderate,7,6,6,True,genre_21,Hip-Hop,0.366830,genre_21|genre_15|genre_38,Hip-Hop|Electronic|Experimental,0.366830|0.301441|0.272362,genre_21|genre_15|genre_38|genre_12|genre_10,Hip-Hop|Electronic|Experimental|Rock|Pop,0.366830|0.301441|0.272362|0.268528|0.193100,genre_21|genre_15|genre_38|genre_12,Hip-Hop|Electronic|Experimental|Rock,1.3495628833770752
Hip-Hop__DWK031__Aydio_-_01_-_Track,Hip-Hop__DWK031__Aydio_-_01_-_Track.mp3,Hip-Hop/Hip-Hop__DWK031__Aydio_-_01_-_Track.mp3,E:\SCHOOL\Masters\Capstone_FMA_Project\data\external_audio_batch\Hip-Hop\Hip-Hop__DWK031__Aydio_-_01_-_Track.mp3,ok,,360.05,360.05,False,8,15,genre_38,38,Experimental,0.554200291633606,Moderate,8,5,8,False,genre_38,Experimental,0.554200,genre_38|genre_15|genre_12,Experimental|Electronic|Rock,0.554200|0.360061|0.230623,genre_38|genre_15|genre_12|genre_1235|genre_10,Experimental|Electronic|Rock|Instrumental|Pop,0.554200|0.360061|0.230623|0.187353|0.137075,genre_38|genre_15|genre_12,Experimental|Electronic|Rock,1.6940526962280273
Hip-Hop__dystopiaq029__Times_re_Changin,Hip-Hop__dystopiaq029__Times_re_Changin.mp3,Hip-Hop/Hip-Hop__dystopiaq029__Times_re_Changin.mp3,E:\SCHOOL\Masters\Capstone_FMA_Project\data\external_audio_batch\Hip-Hop\Hip-Hop__dystopiaq029__Times_re_Changin.mp3,ok,,297.67,297.67,False,8,15,genre_15,15,Electronic,0.4655654728412628,Low-to-moderate,6,4,7,True,genre_15,Electronic,0.465565,genre_15|genre_38|genre_21,Electronic|Experimental|Hip-Hop,0.465565|0.455540|0.310736,genre_15|genre_38|genre_21|genre_12|genre_10,Electronic|Experimental|Hip-Hop|Rock|Pop,0.465565|0.455540|0.310736|0.227297|0.121818,genre_15|genre_38|genre_21|genre_12,Electronic|Experimental|Hip-Hop|Rock,1.4628937244415283
Hip-Hop__DWK149__Boogieman_Penthouse,Hip-Hop__DWK149__Boogieman_Penthouse.mp3,Hip-Hop/Hip-Hop__DWK149__Boogieman_Penthouse.mp3,E:\SCHOOL\Masters\Capstone_FMA_Project\data\external_audio_batch\Hip-Hop\Hip-Hop__DWK149__Boogieman_Penthouse.mp3,ok,,371.72,371.72,False,8,15,genre_38,38,Experimental,0.44279947876930237,Low-to-moderate,8,4,8,True,genre_38,Experimental,0.442799,genre_38|genre_12|genre_15,Experimental|Rock|Electronic,0.442799|0.346240|0.325672,genre_38|genre_12|genre_15|genre_21|genre_10,Experimental|Rock|Electronic|Hip-Hop|Pop,0.442799|0.346240|0.325672|0.171159|0.166611,genre_38|genre_12|genre_15,Experimental|Rock|Electronic,1.5870766639709473
Hip-Hop__mia049__lifelong_fiction,Hip-Hop__mia049__lifelong_fiction.mp3,Hip-Hop/Hip-Hop__mia049__lifelong_fiction.mp3,E:\SCHOOL\Masters\Capstone_FMA_Project\data\external_audio_batch\Hip-Hop\Hip-Hop__mia049__lifelong_fiction.mp3,ok,,350.64,350.64,False,8,15,genre_38,38,Experimental,0.4915560185909271,Low-to-moderate,8,3,8,True,genre_38,Experimental,0.491556,genre_38|genre_15|genre_12,Experimental|Electronic|Rock,0.491556|0.407690|0.285413,genre_38|genre_15|genre_12|genre_21|genre_10,Experimental|Electronic|Rock|Hip-Hop|Pop,0.491556|0.407690|0.285413|0.187795|0.149362,genre_38|genre_15|genre_12,Experimental|Electronic|Rock,1.4221000671386719
Hip-Hop__DWK217__Morning_Mist,Hip-Hop__DWK217__Morning_Mist.mp3,Hip-Hop/Hip-Hop__DWK217__Morning_Mist.mp3,E:\SCHOOL\Masters\Capstone_FMA_Project\data\external_audio_batch\Hip-Hop\Hip-Hop__DWK217__Morning_Mist.mp3,ok,,357.88,357.88,False,8,15,genre_12,12,Rock,0.3949604332447052,Low-to-moderate,7,4,8,True,genre_12,Rock,0.394960,genre_12|genre_38|genre_15,Rock|Experimental|Electronic,0.394960|0.373394|0.278279,genre_12|genre_38|genre_15|genre_10|genre_1235,Rock|Experimental|Electronic|Pop|Instrumental,0.394960|0.373394|0.278279|0.180360|0.132960,genre_12|genre_38|genre_15,Rock|Experimental|Electronic,1.6740765571594238
Hip-Hop__DWK301__Soul_Blue_Tango,Hip-Hop__DWK301__Soul_Blue_Tango.mp3,Hip-Hop/Hip-Hop__DWK301__Soul_Blue_Tango.mp3,E:\SCHOOL\Masters\Capstone_FMA_Project\data\external_audio_batch\Hip-Hop\Hip-Hop__DWK301__Soul_Blue_Tango.mp3,ok,,164.85,164.85,False,8,15,genre_38,38,Experimental,0.4414690136909485,Low-to-moderate,8,4,8,True,genre_38,Experimental,0.441469,genre_38|genre_12|genre_15,Experimental|Rock|Electronic,0.441469|0.326082|0.300103,genre_38|genre_12|genre_15|genre_10|genre_21,Experimental|Rock|Electronic|Pop|Hip-Hop,0.441469|0.326082|0.300103|0.206114|0.165927,genre_38|genre_12|genre_15|genre_10,Experimental|Rock|Electronic|Pop,1.096982717514038
Hip-Hop__DWK127__The_Werewolf,Hip-Hop__DWK127__The_Werewolf.mp3,Hip-Hop/Hip-Hop__DWK127__The_Werewolf.mp3,E:\SCHOOL\Masters\Capstone_FMA_Project\data\external_audio_batch\Hip-Hop\Hip-Hop__DWK127__The_Werewolf.mp3,ok,,341.93,341.93,False,8,15,genre_38,38,Experimental,0.443955659866333,Low-to-moderate,8,3,8,True,genre_38,Experimental,0.443956,genre_38|genre_15|genre_21,Experimental|Electronic|Hip-Hop,0.443956|0.401331|0.268374,genre_38|genre_15|genre_21|genre_12|genre_10,Experimental|Electronic|Hip-Hop|Rock|Pop,0.443956|0.401331|0.268374|0.238191|0.102677,genre_38|genre_15|genre_21|genre_12,Experimental|Electronic|Hip-Hop|Rock,1.5314056873321533
Hip-Hop__DWK315__Time2Spare,Hip-Hop__DWK315__Time2Spare.mp3,Hip-Hop/Hip-Hop__DWK315__Time2Spare.mp3,E:\SCHOOL\Masters\Capstone_FMA_Project\data\external_audio_batch\Hip-Hop\Hip-Hop__DWK315__Time2Spare.mp3,ok,,270.0,270.0,False,8,15,genre_38,38,Experimental,0.6206644177436829,Moderate,8,8,8,False,genre_38,Experimental,0.620664,genre_38|genre_15|genre_12,Experimental|Electronic|Rock,0.620664|0.345379|0.257839,genre_38|genre_15|genre_12|genre_1235|genre_1,Experimental|Electronic|Rock|Instrumental|Avant-Garde,0.620664|0.345379|0.257839|0.164095|0.114023,genre_38|genre_15|genre_12,Experimental|Electronic|Rock,1.400841474533081
Hip-Hop__DWK155__Eazy_Livin,Hip-Hop__DWK155__Eazy_Livin.mp3,Hip-Hop/Hip-Hop__DWK155__Eazy_Livin.mp3,E:\SCHOOL\Masters\Capstone_FMA_Project\data\external_audio_batch\Hip-Hop\Hip-Hop__DWK155__Eazy_Livin.mp3,ok,,217.34,217.34,False,8,15,genre_15,15,Electronic,0.5818861126899719,Moderate,8,7,8,False,genre_15,Electronic,0.581886,genre_15|genre_12|genre_21,Electronic|Rock|Hip-Hop,0.581886|0.259668|0.252988,genre_15|genre_12|genre_21|genre_10|genre_1235,Electronic|Rock|Hip-Hop|Pop|Instrumental,0.581886|0.259668|0.252988|0.249246|0.180310,genre_15|genre_12|genre_21|genre_10,Electronic|Rock|Hip-Hop|Pop,1.335768461227417
Pop__WkBw0034__01_-_Monochromatic_-_Immobility,Pop__WkBw0034__01_-_Monochromatic_-_Immobility.mp3,Pop/Pop__WkBw0034__01_-_Monochromatic_-_Immobility.mp3,E:\SCHOOL\Masters\Capstone_FMA_Project\data\external_audio_batch\Pop\Pop__WkBw0034__01_-_Monochromatic_-_Immobility.mp3,ok,,336.64,336.64,False,8,15,genre_15,15,Electronic,0.424460768699646,Low-to-moderate,7,5,7,True,genre_15,Electronic,0.424461,genre_15|genre_38|genre_21,Electronic|Experimental|Hip-Hop,0.424461|0.337068|0.308017,genre_15|genre_38|genre_21|genre_12|genre_10,Electronic|Experimental|Hip-Hop|Rock|Pop,0.424461|0.337068|0.308017|0.257733|0.177407,genre_15|genre_38|genre_21|genre_12,Electronic|Experimental|Hip-Hop|Rock,1.4119820594787598
Pop__BSOG0008__05_-_Doing_Time,Pop__BSOG0008__05_-_Doing_Time.mp3,Pop/Pop__BSOG0008__05_-_Doing_Time.mp3,E:\SCHOOL\Masters\Capstone_FMA_Project\data\external_audio_batch\Pop\Pop__BSOG0008__05_-_Doing_Time.mp3,ok,,318.14,318.14,False,8,15,genre_38,38,Experimental,0.5044735074043274,Moderate,8,6,8,False,genre_38,Experimental,0.504474,genre_38|genre_12|genre_15,Experimental|Rock|Electronic,0.504474|0.354794|0.261764,genre_38|genre_12|genre_15|genre_10|genre_1235,Experimental|Rock|Electronic|Pop|Instrumental,0.504474|0.354794|0.261764|0.145051|0.137408,genre_38|genre_12|genre_15,Experimental|Rock|Electronic,1.4329335689544678
Pop__starfrosch-mostwanted__Closer_to_You__feat._SHA,Pop__starfrosch-mostwanted__Closer_to_You__feat._SHA.mp3,Pop/Pop__starfrosch-mostwanted__Closer_to_You__feat._SHA.mp3,E:\SCHOOL\Masters\Capstone_FMA_Project\data\external_audio_batch\Pop\Pop__starfrosch-mostwanted__Closer_to_You__feat._SHA.mp3,ok,,296.07,296.07,False,8,15,genre_15,15,Electronic,0.6594938635826111,Moderate,8,8,8,False,genre_15,Electronic,0.659494,genre_15|genre_21|genre_38,Electronic|Hip-Hop|Experimental,0.659494|0.383710|0.260365,genre_15|genre_21|genre_38|genre_12|genre_10,Electronic|Hip-Hop|Experimental|Rock|Pop,0.659494|0.383710|0.260365|0.218320|0.164367,genre_15|genre_21|genre_38|genre_12,Electronic|Hip-Hop|Experimental|Rock,1.799126386642456
Pop__SCL129__Heaven_In_Your_Mouth,Pop__SCL129__Heaven_In_Your_Mouth.mp3,Pop/Pop__SCL129__Heaven_In_Your_Mouth.mp3,E:\SCHOOL\Masters\Capstone_FMA_Project\data\external_audio_batch\Pop\Pop__SCL129__Heaven_In_Your_Mouth.mp3,ok,,266.14,266.14,False,8,15,genre_38,38,Experimental,0.558472752571106,Moderate,8,6,8,False,genre_38,Experimental,0.558473,genre_38|genre_12|genre_15,Experimental|Rock|Electronic,0.558473|0.356813|0.336929,genre_38|genre_12|genre_15|genre_10|genre_1235,Experimental|Rock|Electronic|Pop|Instrumental,0.558473|0.356813|0.336929|0.130051|0.121680,genre_38|genre_12|genre_15,Experimental|Rock|Electronic,1.4706573486328125
Pop__csr002__Falling,Pop__csr002__Falling.mp3,Pop/Pop__csr002__Falling.mp3,E:\SCHOOL\Masters\Capstone_FMA_Project\data\external_audio_batch\Pop\Pop__csr002__Falling.mp3,ok,,269.3,269.3,False,8,15,genre_38,38,Experimental,0.5204713344573975,Moderate,8,8,8,False,genre_38,Experimental,0.520471,genre_38|genre_12|genre_17,Experimental|Rock|Folk,0.520471|0.387881|0.188947,genre_38|genre_12|genre_17|genre_15|genre_10,Experimental|Rock|Folk|Electronic|Pop,0.520471|0.387881|0.188947|0.153722|0.127028,genre_38|genre_12,Experimental|Rock,1.3550755977630615
Pop__12rec.026__The_Virus_Left_Behind,Pop__12rec.026__The_Virus_Left_Behind.mp3,Pop/Pop__12rec.026__The_Virus_Left_Behind.mp3,E:\SCHOOL\Masters\Capstone_FMA_Project\data\external_audio_batch\Pop\Pop__12rec.026__The_Virus_Left_Behind.mp3,ok,,408.88,408.88,False,8,15,genre_38,38,Experimental,0.5458238124847412,Moderate,8,5,7,False,genre_38,Experimental,0.545824,genre_38|genre_12|genre_17,Experimental|Rock|Folk,0.545824|0.337008|0.280815,genre_38|genre_12|genre_17|genre_15|genre_10,Experimental|Rock|Folk|Electronic|Pop,0.545824|0.337008|0.280815|0.141765|0.138007,genre_38|genre_12|genre_17,Experimental|Rock|Folk,1.6630256175994873
Pop__iatmp3001__Blue_skies,Pop__iatmp3001__Blue_skies.mp3,Pop/Pop__iatmp3001__Blue_skies.mp3,E:\SCHOOL\Masters\Capstone_FMA_Project\data\external_audio_batch\Pop\Pop__iatmp3001__Blue_skies.mp3,ok,,259.44,259.44,False,8,15,genre_38,38,Experimental,0.5519669055938721,Moderate,8,6,8,False,genre_38,Experimental,0.551967,genre_38|genre_12|genre_15,Experimental|Rock|Electronic,0.551967|0.362460|0.160903,genre_38|genre_12|genre_15|genre_17|genre_1,Experimental|Rock|Electronic|Folk|Avant-Garde,0.551967|0.362460|0.160903|0.151212|0.148045,genre_38|genre_12,Experimental|Rock,1.2812695503234863
Pop__BSCOMP0006__09_-_Universal_Materials_-_This_is_the_Macrophage,Pop__BSCOMP0006__09_-_Universal_Materials_-_This_is_the_Macrophage.mp3,Pop/Pop__BSCOMP0006__09_-_Universal_Materials_-_This_is_the_Macrophage.mp3,E:\SCHOOL\Masters\Capstone_FMA_Project\data\external_audio_batch\Pop\Pop__BSCOMP0006__09_-_Universal_Materials_-_This_is_the_Macrophage.mp3,ok,,318.07,318.07,False,8,15,genre_38,38,Experimental,0.4854101538658142,Low-to-moderate,8,6,8,True,genre_38,Experimental,0.485410,genre_38|genre_15|genre_12,Experimental|Electronic|Rock,0.485410|0.362315|0.281338,genre_38|genre_15|genre_12|genre_21|genre_10,Experimental|Electronic|Rock|Hip-Hop|Pop,0.485410|0.362315|0.281338|0.206734|0.128424,genre_38|genre_15|genre_12|genre_21,Experimental|Electronic|Rock|Hip-Hop,1.3847465515136719
Pop__csr079__Runaway,Pop__csr079__Runaway.mp3,Pop/Pop__csr079__Runaway.mp3,E:\SCHOOL\Masters\Capstone_FMA_Project\data\external_audio_batch\Pop\Pop__csr079__Runaway.mp3,ok,,395.02,395.02,False,8,15,genre_38,38,Experimental,0.5249447822570801,Moderate,8,8,8,False,genre_38,Experimental,0.524945,genre_38|genre_12|genre_15,Experimental|Rock|Electronic,0.524945|0.304772|0.202556,genre_38|genre_12|genre_15|genre_1|genre_17,Experimental|Rock|Electronic|Avant-Garde|Folk,0.524945|0.304772|0.202556|0.143277|0.141405,genre_38|genre_12|genre_15,Experimental|Rock|Electronic,1.5292649269104004
Pop__mmm016__Mark_Robinson_-_Cape_May,Pop__mmm016__Mark_Robinson_-_Cape_May.flac,Pop/Pop__mmm016__Mark_Robinson_-_Cape_May.flac,E:\SCHOOL\Masters\Capstone_FMA_Project\data\external_audio_batch\Pop\Pop__mmm016__Mark_Robinson_-_Cape_May.flac,ok,,137.32,137.32,False,8,15,genre_38,38,Experimental,0.49898481369018555,Low-to-moderate,8,5,8,True,genre_38,Experimental,0.498985,genre_38|genre_12|genre_25,Experimental|Rock|Punk,0.498985|0.409189|0.159350,genre_38|genre_12|genre_25|genre_1|genre_27,Experimental|Rock|Punk|Avant-Garde|Lo-Fi,0.498985|0.409189|0.159350|0.147305|0.139934,genre_38|genre_12,Experimental|Rock,1.146932601928711
